date,value,div_yield_pct
2018-07-16,2410.2,4.2
2018-07-17,2404.39,4.21
2018-07-18,2381.05,4.25
2018-07-19,2361.18,4.29
2018-07-20,2374.16,4.26
2018-07-23,2370.12,4.26
2018-07-24,2387.5,4.23
2018-07-25,2398.73,4.21
2018-07-26,2406.05,4.2
2018-07-27,2413.15,4.19
2018-07-30,2435.32,4.15
2018-07-31,2436.77,4.15
2018-08-01,2448.79,4.13
2018-08-02,2419.0,4.18
2018-08-03,2431.04,4.16
2018-08-06,2444.34,4.14
2018-08-07,2438.69,4.15
2018-08-08,2425.89,4.17
2018-08-09,2424.6,4.17
2018-08-10,2424.91,4.17
2018-08-13,2393.59,4.22
2018-08-14,2410.12,4.19
2018-08-16,2404.93,4.2
2018-08-17,2405.3,4.2
2018-08-20,2405.57,4.2
2018-08-21,2417.95,4.18
2018-08-22,2397.56,4.22
2018-08-23,2397.84,4.22
2018-08-24,2406.85,4.2
2018-08-27,2403.22,4.21
2018-08-28,2414.41,4.19
2018-08-29,2414.72,4.19
2018-08-30,2410.19,4.2
2018-08-31,2416.3,4.19
2018-09-03,2413.34,4.19
2018-09-04,2410.05,4.2
2018-09-05,2398.77,4.22
2018-09-06,2395.74,4.22
2018-09-07,2400.77,4.21
2018-09-10,2407.64,4.2
2018-09-11,2416.91,4.19
2018-09-12,2412.11,4.19
2018-09-13,2416.93,4.19
2018-09-14,2431.89,4.16
2018-09-17,2414.63,4.19
2018-09-18,2414.41,4.19
2018-09-19,2402.65,4.21
2018-09-20,2400.63,4.21
2018-09-21,2420.59,4.18
2018-09-27,2452.56,4.13
2018-09-28,2465.87,4.1
2018-10-01,2467.83,4.1
2018-10-02,2449.36,4.13
2018-10-04,2444.73,4.14
2018-10-05,2446.76,4.14
2018-10-08,2430.16,4.16
2018-10-10,2402.88,4.21
2018-10-11,2297.39,4.4
2018-10-12,2313.26,4.37
2018-10-15,2310.2,4.38
2018-10-16,2310.97,4.38
2018-10-17,2339.64,4.32
2018-10-18,2333.95,4.34
2018-10-19,2329.79,4.34
2018-10-22,2347.89,4.31
2018-10-23,2297.89,4.4
2018-10-24,2318.52,4.36
2018-10-25,2305.53,4.39
2018-10-26,2276.73,4.44
2018-10-29,2212.36,4.57
2018-10-30,2210.84,4.58
2018-10-31,2264.59,4.47
2018-11-01,2241.42,4.51
2018-11-02,2278.38,4.44
2018-11-05,2252.28,4.49
2018-11-06,2272.86,4.45
2018-11-07,2260.84,4.48
2018-11-08,2293.99,4.41
2018-11-09,2310.17,4.38
2018-11-12,2319.09,4.36
2018-11-13,2313.33,4.37
2018-11-14,2312.5,4.38
2018-11-15,2311.23,4.38
2018-11-16,2323.94,4.35
2018-11-19,2346.02,4.31
2018-11-20,2340.03,4.32
2018-11-21,2341.52,4.32
2018-11-22,2336.8,4.33
2018-11-23,2317.1,4.37
2018-11-26,2339.57,4.32
2018-11-27,2348.3,4.31
2018-11-28,2349.81,4.31
2018-11-29,2363.03,4.32
2018-11-30,2363.74,4.32
2018-12-03,2380.08,4.29
2018-12-04,2378.9,4.29
2018-12-05,2384.46,4.28
2018-12-06,2361.63,4.32
2018-12-07,2354.28,4.33
2018-12-10,2336.93,4.37
2018-12-11,2330.75,4.38
2018-12-12,2358.35,4.33
2018-12-13,2380.98,4.28
2018-12-14,2369.85,4.29
2018-12-17,2356.53,4.31
2018-12-18,2351.82,4.32
2018-12-19,2372.44,4.26
2018-12-20,2370.24,4.26
2018-12-21,2370.92,4.26
2018-12-24,2370.92,4.26
2018-12-26,2346.01,4.31
2018-12-27,2295.8,4.4
2018-12-28,2295.93,4.4
2019-01-02,2247.17,4.5
2019-01-03,2236.02,4.52
2019-01-04,2249.92,4.32
2019-01-07,2263.82,4.3
2019-01-08,2257.55,4.31
2019-01-09,2271.99,4.28
2019-01-10,2270.19,4.28
2019-01-11,2279.31,4.27
2019-01-14,2276.22,4.27
2019-01-15,2298.9,4.23
2019-01-16,2309.31,4.21
2019-01-17,2312.94,4.21
2019-01-18,2336.44,4.16
2019-01-21,2332.83,4.17
2019-01-22,2326.25,4.18
2019-01-23,2343.27,4.15
2019-01-24,2361.75,4.12
2019-01-25,2372.43,4.1
2019-01-28,2368.74,4.11
2019-01-29,2377.01,4.09
2019-01-30,2394.67,4.06
2019-01-31,2405.67,4.04
2019-02-01,2408.27,4.04
2019-02-07,2424.47,4.01
2019-02-08,2410.75,4.03
2019-02-11,2409.31,4.04
2019-02-12,2417.63,4.02
2019-02-13,2438.18,3.99
2019-02-14,2449.78,3.97
2019-02-15,2427.57,4.01
2019-02-18,2444.48,3.98
2019-02-19,2437.51,3.99
2019-02-20,2446.3,3.98
2019-02-21,2432.26,4.0
2019-02-22,2438.98,3.99
2019-02-25,2444.26,3.98
2019-02-26,2432.93,4.0
2019-02-27,2447.53,3.97
2019-02-28,2409.38,4.04
2019-03-04,2415.01,4.03
2019-03-05,2410.26,4.04
2019-03-06,2417.57,4.02
2019-03-07,2398.57,4.05
2019-03-08,2373.13,4.1
2019-03-11,2379.0,4.09
2019-03-12,2395.26,4.06
2019-03-13,2392.73,4.06
2019-03-14,2418.95,4.02
2019-03-15,2440.96,3.98
2019-03-18,2442.75,3.98
2019-03-19,2437.23,3.99
2019-03-20,2427.82,4.0
2019-03-21,2405.88,4.04
2019-03-22,2403.26,4.04
2019-03-25,2368.79,4.1
2019-03-26,2376.43,4.09
2019-03-27,2381.66,4.08
2019-03-28,2369.23,4.1
2019-03-29,2370.64,4.1
2019-04-01,2404.03,4.04
2019-04-02,2405.15,4.04
2019-04-03,2413.32,4.03
2019-04-04,2419.28,4.02
2019-04-05,2424.21,4.01
2019-04-08,2425.75,4.01
2019-04-09,2414.42,4.03
2019-04-10,2426.25,4.01
2019-04-11,2423.92,4.01
2019-04-12,2439.33,3.98
2019-04-15,2456.04,3.96
2019-04-16,2448.91,3.97
2019-04-17,2453.82,3.96
2019-04-18,2433.67,3.99
2019-04-19,2432.6,4.0
2019-04-22,2432.25,4.0
2019-04-23,2448.95,3.97
2019-04-24,2446.48,3.97
2019-04-25,2439.82,3.98
2019-04-26,2428.32,4.0
2019-04-29,2454.22,3.96
2019-04-30,2438.55,3.99
2019-05-02,2457.42,3.39
2019-05-03,2442.71,3.41
2019-05-07,2425.55,3.43
2019-05-08,2440.2,3.41
2019-05-09,2395.89,3.48
2019-05-10,2401.06,3.47
2019-05-13,2366.17,3.52
2019-05-14,2362.06,3.52
2019-05-15,2382.07,3.5
2019-05-16,2362.41,3.52
2019-05-17,2345.88,3.55
2019-05-20,2336.83,3.56
2019-05-21,2352.38,3.54
2019-05-22,2361.62,3.53
2019-05-23,2355.9,3.53
2019-05-24,2355.83,3.53
2019-05-27,2349.51,3.54
2019-05-28,2350.26,3.54
2019-05-29,2318.16,3.59
2019-05-30,2322.74,3.58
2019-05-31,2317.81,3.59
2019-06-03,2338.31,3.56
2019-06-04,2348.43,3.54
2019-06-05,2349.1,3.54
2019-06-07,2348.37,3.55
2019-06-10,2379.45,3.5
2019-06-11,2386.09,3.49
2019-06-12,2389.98,3.48
2019-06-13,2399.99,3.47
2019-06-14,2393.3,3.95
2019-06-17,2386.76,3.96
2019-06-18,2394.36,3.94
2019-06-19,2400.95,3.93
2019-06-20,2401.6,3.93
2019-06-21,2396.75,3.94
2019-06-24,2408.77,3.92
2019-06-25,2395.33,3.94
2019-06-26,2400.93,3.93
2019-06-27,2405.83,3.93
2019-06-28,2389.41,3.95
2019-07-01,2386.18,3.96
2019-07-02,2387.64,3.95
2019-07-03,2358.72,4.0
2019-07-04,2370.13,3.98
2019-07-05,2379.96,3.97
2019-07-08,2327.72,4.06
2019-07-09,2306.3,4.09
2019-07-10,2311.82,4.08
2019-07-11,2333.49,4.05
2019-07-12,2338.9,4.04
2019-07-15,2326.17,4.06
2019-07-16,2324.41,4.06
2019-07-17,2318.45,4.07
2019-07-18,2322.67,4.07
2019-07-19,2343.5,4.03
2019-07-22,2338.64,4.04
2019-07-23,2348.42,4.02
2019-07-24,2336.96,4.04
2019-07-25,2319.9,4.07
2019-07-26,2322.58,4.07
2019-07-29,2287.64,4.13
2019-07-30,2290.11,4.12
2019-07-31,2288.67,4.13
2019-08-01,2275.86,4.15
2019-08-02,2251.06,4.19
2019-08-05,2213.92,4.26
2019-08-06,2186.42,4.32
2019-08-07,2174.51,4.34
2019-08-08,2201.69,4.29
2019-08-09,2207.47,4.28
2019-08-12,2197.03,4.3
2019-08-13,2187.25,4.32
2019-08-14,2177.27,4.34
2019-08-16,2155.46,4.38
2019-08-19,2177.11,4.34
2019-08-20,2189.12,4.31
2019-08-21,2200.87,4.29
2019-08-22,2201.96,4.29
2019-08-23,2194.31,4.3
2019-08-26,2165.85,4.36
2019-08-27,2159.83,4.37
2019-08-28,2181.18,4.33
2019-08-29,2188.75,4.31
2019-08-30,2214.98,4.26
2019-09-02,2220.78,4.25
2019-09-03,2225.32,4.24
2019-09-04,2240.7,4.21
2019-09-05,2241.63,4.21
2019-09-06,2236.98,4.22
2019-09-09,2234.02,4.23
2019-09-10,2263.95,4.17
2019-09-11,2278.07,4.14
2019-09-16,2299.91,4.11
2019-09-17,2302.78,4.1
2019-09-18,2303.22,4.1
2019-09-19,2294.69,4.11
2019-09-20,2310.76,4.09
2019-09-23,2308.12,4.09
2019-09-24,2304.43,4.1
2019-09-25,2282.97,4.14
2019-09-26,2287.5,4.13
2019-09-27,2264.91,4.17
2019-09-30,2277.87,4.14
2019-10-01,2291.39,4.12
2019-10-02,2256.91,4.18
2019-10-04,2239.07,4.22
2019-10-07,2238.51,4.22
2019-10-08,2239.14,4.22
2019-10-10,2212.82,4.27
2019-10-11,2236.84,4.22
2019-10-14,2262.3,4.17
2019-10-15,2262.11,4.17
2019-10-16,2272.81,4.15
2019-10-17,2270.45,4.16
2019-10-18,2261.0,4.18
2019-10-21,2267.23,4.16
2019-10-22,2279.38,4.14
2019-10-23,2255.77,4.19
2019-10-24,2266.43,4.17
2019-10-25,2261.14,4.18
2019-10-28,2258.08,4.18
2019-10-29,2256.97,4.18
2019-10-30,2240.06,4.21
2019-10-31,2237.55,4.22
2019-11-01,2236.76,4.22
2019-11-04,2298.19,4.11
2019-11-05,2291.26,4.12
2019-11-06,2280.16,4.14
2019-11-07,2287.05,4.13
2019-11-08,2294.26,4.11
2019-11-11,2302.61,4.1
2019-11-12,2310.39,4.09
2019-11-13,2297.6,4.11
2019-11-14,2297.28,4.11
2019-11-15,2312.36,4.08
2019-11-18,2308.09,4.09
2019-11-19,2308.24,4.09
2019-11-20,2290.46,4.12
2019-11-21,2265.93,4.17
2019-11-22,2269.76,4.16
2019-11-25,2290.95,4.12
2019-11-26,2286.97,4.13
2019-11-27,2293.64,4.12
2019-11-28,2279.92,4.14
2019-11-29,2256.4,4.18
2019-12-02,2264.81,4.17
2019-12-03,2253.47,4.19
2019-12-04,2240.5,4.21
2019-12-05,2249.44,4.2
2019-12-06,2250.49,4.19
2019-12-09,2249.18,4.2
2019-12-10,2254.74,4.19
2019-12-11,2262.26,4.17
2019-12-12,2285.0,4.13
2019-12-13,2304.94,4.09
2019-12-16,2305.78,4.09
2019-12-17,2318.34,4.07
2019-12-18,2330.67,4.05
2019-12-19,2342.37,4.03
2019-12-20,2342.92,4.03
2019-12-23,2352.47,4.01
2019-12-24,2350.87,4.01
2019-12-26,2367.95,3.98
2019-12-27,2293.9,4.11
2019-12-30,2282.99,4.13
2020-01-02,2246.88,4.2
2020-01-03,2248.91,4.2
2020-01-06,2218.37,4.25
2020-01-07,2227.23,4.24
2020-01-08,2180.12,4.33
2020-01-09,2188.27,4.31
2020-01-10,2188.74,4.31
2020-01-13,2199.38,4.29
2020-01-14,2220.04,4.25
2020-01-15,2219.03,4.25
2020-01-16,2217.7,4.25
2020-01-17,2213.01,4.26
2020-01-20,2212.24,4.26
2020-01-21,2209.03,4.27
2020-01-22,2220.67,4.25
2020-01-23,2215.41,4.26
2020-01-28,2151.78,4.38
2020-01-29,2152.15,4.38
2020-01-30,2135.36,4.42
2020-01-31,2120.36,4.45
2020-02-03,2117.13,4.46
2020-02-04,2118.69,4.45
2020-02-05,2107.09,4.48
2020-02-06,2154.94,4.38
2020-02-07,2146.28,4.39
2020-02-10,2133.72,4.42
2020-02-11,2150.94,4.39
2020-02-12,2159.62,4.37
2020-02-13,2150.81,4.39
2020-02-14,2138.77,4.42
2020-02-17,2119.58,4.46
2020-02-18,2104.42,4.49
2020-02-19,2096.31,4.51
2020-02-20,2080.68,4.54
2020-02-21,2052.72,4.6
2020-02-24,1977.57,4.78
2020-02-25,2001.75,4.72
2020-02-26,1993.29,4.74
2020-02-27,1992.08,4.74
2020-02-28,1939.05,4.87
2020-03-02,1938.38,4.87
2020-03-03,1947.24,4.85
2020-03-04,1961.81,4.81
2020-03-05,1976.73,4.78
2020-03-06,1943.1,4.86
2020-03-09,1880.64,5.02
2020-03-10,1865.64,5.06
2020-03-11,1839.9,5.13
2020-03-12,1747.85,5.4
2020-03-13,1656.31,5.7
2020-03-16,1623.88,5.82
2020-03-17,1587.39,5.95
2020-03-18,1523.11,6.2
2020-03-19,1356.62,6.96
2020-03-20,1440.7,6.56
2020-03-23,1344.41,7.03
2020-03-24,1425.73,6.63
2020-03-25,1543.14,6.12
2020-03-26,1560.37,6.05
2020-03-27,1592.17,5.93
2020-03-30,1627.52,5.8
2020-03-31,1649.63,5.73
2020-04-01,1600.52,5.9
2020-04-02,1644.28,5.74
2020-04-03,1644.59,5.74
2020-04-06,1698.46,5.56
2020-04-07,1731.27,5.46
2020-04-08,1727.07,5.47
2020-04-09,1758.7,5.37
2020-04-10,1792.91,5.27
2020-04-13,1756.43,5.38
2020-04-14,1784.1,5.29
2020-04-16,1772.95,5.33
2020-04-17,1811.44,5.21
2020-04-20,1806.98,5.23
2020-04-21,1785.47,5.29
2020-04-22,1791.39,5.27
2020-04-23,1815.5,5.2
2020-04-24,1792.52,5.27
2020-04-27,1834.96,5.15
2020-04-28,1849.16,5.11
2020-04-29,1879.92,5.02
2020-05-04,1838.35,4.92
2020-05-06,1859.78,4.86
2020-05-07,1869.17,4.84
2020-05-08,1888.67,4.79
2020-05-11,1881.63,4.8
2020-05-12,1850.87,4.88
2020-05-13,1856.81,4.86
2020-05-14,1839.99,4.91
2020-05-15,1851.28,4.88
2020-05-18,1857.21,4.85
2020-05-19,1892.71,4.76
2020-05-20,1904.41,4.73
2020-05-21,1911.66,4.71
2020-05-22,1879.42,4.86
2020-05-25,1898.85,4.81
2020-05-26,1938.42,4.71
2020-05-27,1948.05,4.69
2020-05-28,1929.61,4.73
2020-05-29,1914.37,4.77
2020-06-01,1959.07,4.66
2020-06-02,1990.91,4.59
2020-06-03,2030.61,4.5
2020-06-04,2010.83,4.54
2020-06-05,2023.94,4.51
2020-06-08,2021.47,4.52
2020-06-09,2013.21,4.54
2020-06-10,2003.86,4.56
2020-06-11,1948.42,4.69
2020-06-12,1903.63,5.7
2020-06-15,1805.45,6.01
2020-06-16,1881.65,5.76
2020-06-17,1865.62,5.8
2020-06-18,1869.18,5.79
2020-06-19,1859.74,5.82
2020-06-22,1836.97,5.89
2020-06-23,1827.36,5.92
2020-06-24,1835.67,5.9
2020-06-25,1795.36,6.03
2020-06-26,1804.29,6.0
2020-06-29,1761.11,6.15
2020-06-30,1771.89,6.11
2020-07-01,1786.89,6.06
2020-07-02,1800.79,6.01
2020-07-03,1809.83,5.98
2020-07-06,1829.13,5.92
2020-07-07,1817.44,5.96
2020-07-08,1818.94,5.95
2020-07-09,1820.57,5.95
2020-07-10,1791.09,6.04
2020-07-13,1818.51,5.95
2020-07-14,1821.17,5.94
2020-07-15,1843.76,5.87
2020-07-16,1858.12,5.82
2020-07-17,1871.96,5.78
2020-07-20,1882.26,5.75
2020-07-21,1883.94,5.74
2020-07-22,1883.49,5.74
2020-07-23,1863.55,5.81
2020-07-24,1852.32,5.84
2020-07-27,1868.34,5.79
2020-07-28,1870.16,5.79
2020-07-29,1880.31,5.76
2020-07-30,1890.43,5.72
2020-07-31,1870.87,5.78
2020-08-03,1859.82,5.82
2020-08-04,1895.48,5.71
2020-08-05,1897.2,5.7
2020-08-06,1922.99,5.63
2020-08-07,1915.01,5.65
2020-08-10,1955.12,5.54
2020-08-11,1992.48,5.43
2020-08-12,2011.64,5.38
2020-08-13,2009.79,5.37
2020-08-14,2000.8,5.4
2020-08-18,1913.67,5.64
2020-08-19,1928.11,5.6
2020-08-20,1848.81,5.84
2020-08-21,1870.19,5.77
2020-08-24,1877.76,5.75
2020-08-25,1932.09,5.59
2020-08-26,1923.44,5.61
2020-08-27,1902.76,5.67
2020-08-28,1921.83,5.59
2020-08-31,1908.29,5.63
2020-09-01,1924.92,5.58
2020-09-02,1953.18,5.5
2020-09-03,1948.33,5.52
2020-09-04,1949.33,5.51
2020-09-07,1967.45,5.46
2020-09-08,1955.05,5.5
2020-09-09,1953.17,5.5
2020-09-10,1965.68,5.46
2020-09-11,1963.91,5.46
2020-09-14,1987.61,5.4
2020-09-15,1986.74,5.4
2020-09-16,1985.18,5.4
2020-09-17,1978.33,5.42
2020-09-18,1978.45,5.42
2020-09-21,1969.38,5.45
2020-09-22,1934.99,5.54
2020-09-23,1941.05,5.53
2020-09-24,1905.66,5.63
2020-09-25,1922.7,5.58
2020-09-28,1941.32,5.53
2020-09-29,1958.43,5.48
2020-10-05,1996.14,5.37
2020-10-06,1995.86,5.38
2020-10-07,2005.11,5.35
2020-10-08,2012.81,5.33
2020-10-12,2021.14,5.31
2020-10-13,2015.23,5.32
2020-10-14,2003.02,5.36
2020-10-15,2011.68,5.33
2020-10-16,2001.68,5.36
2020-10-19,2036.16,5.27
2020-10-20,2038.87,5.25
2020-10-21,2058.92,5.2
2020-10-22,2088.79,5.13
2020-10-23,2113.69,5.07
2020-10-26,2079.85,5.15
2020-10-27,2063.08,5.19
2020-10-28,2086.92,5.13
2020-10-29,2060.29,5.2
2020-10-30,2010.9,5.33
2020-11-02,2055.81,5.21
2020-11-03,2078.3,5.15
2020-11-04,2072.79,5.17
2020-11-05,2104.71,5.09
2020-11-06,2100.65,5.1
2020-11-09,2126.06,5.04
2020-11-10,2159.41,4.96
2020-11-11,2210.25,4.85
2020-11-12,2199.47,4.87
2020-11-13,2188.97,4.89
2020-11-16,2228.48,4.81
2020-11-17,2231.88,4.8
2020-11-18,2233.13,4.8
2020-11-19,2236.88,4.79
2020-11-20,2240.27,4.78
2020-11-23,2268.8,4.72
2020-11-24,2277.97,4.7
2020-11-25,2269.34,4.72
2020-11-26,2262.62,4.73
2020-11-27,2264.05,4.73
2020-11-30,2252.64,4.75
2020-12-01,2281.01,4.69
2020-12-02,2300.51,4.65
2020-12-03,2308.63,4.64
2020-12-04,2316.4,4.62
2020-12-07,2295.74,4.66
2020-12-08,2274.69,4.71
2020-12-09,2295.42,4.66
2020-12-10,2295.95,4.66
2020-12-11,2337.73,4.59
2020-12-14,2336.16,4.59
2020-12-15,2334.9,4.59
2020-12-16,2353.97,4.55
2020-12-17,2344.76,4.57
2020-12-18,2345.46,4.57
2020-12-21,2352.94,4.56
2020-12-22,2325.28,4.61
2020-12-23,2327.64,4.61
2020-12-24,2351.61,4.56
2020-12-28,2353.75,4.55
2020-12-29,2268.91,4.73
2020-12-30,2270.16,4.72
2021-01-04,2254.53,4.76
2021-01-05,2283.22,4.7
2021-01-06,2287.74,4.69
2021-01-07,2347.15,4.57
2021-01-08,2378.65,4.51
2021-01-11,2359.27,4.54
2021-01-12,2353.51,4.56
2021-01-13,2384.49,4.5
2021-01-14,2387.45,4.49
2021-01-15,2345.32,4.57
2021-01-18,2302.11,4.66
2021-01-19,2345.37,4.57
2021-01-20,2348.25,4.57
2021-01-21,2362.19,4.54
2021-01-22,2345.96,4.57
2021-01-25,2368.34,4.53
2021-01-26,2340.91,4.58
2021-01-27,2329.64,4.6
2021-01-28,2291.86,4.68
2021-01-29,2219.18,4.83
2021-02-01,2280.27,4.7
2021-02-02,2301.25,4.66
2021-02-03,2335.48,4.59
2021-02-04,2321.93,4.61
2021-02-05,2357.59,4.54
2021-02-08,2355.41,4.55
2021-02-09,2367.18,4.53
2021-02-10,2393.82,4.48
2021-02-15,2408.39,4.45
2021-02-16,2422.5,4.42
2021-02-17,2430.61,4.41
2021-02-18,2391.86,4.48
2021-02-19,2392.49,4.48
2021-02-22,2391.77,4.48
2021-02-23,2395.09,4.47
2021-02-24,2344.3,4.57
2021-02-25,2395.25,4.47
2021-02-26,2359.47,4.54
2021-03-02,2380.37,4.5
2021-03-03,2423.65,4.42
2021-03-04,2430.51,4.41
2021-03-05,2430.79,4.41
2021-03-08,2450.61,4.38
2021-03-09,2452.52,4.37
2021-03-10,2430.21,4.41
2021-03-11,2462.29,4.36
2021-03-12,2476.08,4.33
2021-03-15,2504.28,4.28
2021-03-16,2519.97,4.26
2021-03-17,2516.34,4.26
2021-03-18,2540.92,4.22
2021-03-19,2550.6,4.21
2021-03-22,2560.74,4.19
2021-03-23,2540.7,4.22
2021-03-24,2540.14,4.22
2021-03-25,2542.34,4.22
2021-03-26,2590.8,4.14
2021-03-29,2594.82,4.13
2021-03-30,2617.88,4.1
2021-03-31,2653.3,4.04
2021-04-01,2651.74,4.05
2021-04-02,2633.81,4.07
2021-04-05,2652.22,4.05
2021-04-06,2665.0,4.03
2021-04-07,2698.01,3.98
2021-04-08,2695.47,3.98
2021-04-09,2700.46,3.97
2021-04-12,2706.79,3.96
2021-04-13,2691.83,3.99
2021-04-14,2699.5,3.97
2021-04-15,2708.43,3.96
2021-04-16,2715.17,3.95
2021-04-19,2722.79,3.94
2021-04-20,2762.1,3.88
2021-04-21,2740.76,3.91
2021-04-22,2761.65,3.88
2021-04-23,2792.37,3.84
2021-04-26,2824.23,3.8
2021-04-27,2855.11,3.76
2021-04-28,2841.49,3.78
2021-04-29,2849.12,3.77
2021-04-30,2862.72,3.75
2021-05-03,2846.51,3.5
2021-05-04,2851.26,3.49
2021-05-06,2932.75,3.4
2021-05-07,2966.02,3.36
2021-05-10,3012.31,3.31
2021-05-11,3038.33,3.28
2021-05-12,3004.02,3.32
2021-05-13,2993.09,3.33
2021-05-14,2988.87,3.34
2021-05-17,2924.59,3.41
2021-05-18,2971.22,3.36
2021-05-20,2942.65,3.39
2021-05-21,2900.32,3.44
2021-05-24,2902.3,3.44
2021-05-25,2924.54,3.41
2021-05-26,2925.78,3.41
2021-05-27,2938.71,3.39
2021-05-28,2963.15,3.36
2021-05-31,2980.22,3.34
2021-06-01,2979.86,3.34
2021-06-02,2996.24,3.33
2021-06-03,2986.81,3.34
2021-06-04,2986.75,3.34
2021-06-07,2976.33,3.35
2021-06-08,2979.81,3.34
2021-06-09,2942.21,3.39
2021-06-10,2912.89,3.42
2021-06-11,2900.9,4.08
2021-06-14,2891.29,4.09
2021-06-15,2899.44,4.08
2021-06-16,2947.89,4.02
2021-06-17,2926.6,4.05
2021-06-18,2928.58,4.04
2021-06-21,2875.04,4.12
2021-06-22,2897.28,4.09
2021-06-23,2879.2,4.11
2021-06-24,2903.84,4.08
2021-06-25,2962.31,4.0
2021-06-28,3004.53,3.94
2021-06-29,2978.15,3.98
2021-06-30,2992.48,3.96
2021-07-01,2968.83,3.99
2021-07-02,2982.57,3.97
2021-07-05,2982.09,3.97
2021-07-06,3019.93,3.92
2021-07-07,2988.61,3.96
2021-07-08,2968.46,3.99
2021-07-09,2911.29,4.06
2021-07-12,2947.65,4.01
2021-07-13,2969.55,3.98
2021-07-14,2959.1,4.0
2021-07-15,2978.85,3.97
2021-07-16,2984.36,3.96
2021-07-19,2954.56,4.0
2021-07-20,2942.06,4.02
2021-07-21,2936.84,4.03
2021-07-22,2967.99,3.99
2021-07-23,2977.44,3.97
2021-07-26,2952.18,4.01
2021-07-27,2964.3,3.99
2021-07-28,2976.7,3.98
2021-07-29,2991.71,3.96
2021-07-30,2987.43,3.96
2021-08-02,2969.75,3.98
2021-08-03,2960.0,4.0
2021-08-04,2998.19,3.95
2021-08-05,3000.68,3.94
2021-08-06,2993.38,3.95
2021-08-09,2976.42,3.97
2021-08-10,2970.27,3.98
2021-08-11,2975.8,3.98
2021-08-12,2972.9,3.98
2021-08-13,2950.69,4.01
2021-08-17,2933.59,4.03
2021-08-18,2946.12,4.02
2021-08-19,2861.89,4.13
2021-08-20,2820.54,4.19
2021-08-23,2868.05,4.13
2021-08-24,2935.24,4.03
2021-08-25,2965.96,3.99
2021-08-26,2979.89,3.97
2021-08-27,2986.66,3.96
2021-08-30,2981.36,3.97
2021-08-31,3013.11,3.93
2021-09-01,3067.58,3.86
2021-09-02,3086.48,3.83
2021-09-03,3084.79,3.84
2021-09-06,3110.11,3.8
2021-09-07,3115.73,3.8
2021-09-08,3121.52,3.79
2021-09-09,3125.19,3.79
2021-09-10,3151.23,3.75
2021-09-13,3151.3,3.75
2021-09-14,3158.71,3.75
2021-09-15,3161.61,3.74
2021-09-16,3183.79,3.72
2021-09-17,3183.84,3.72
2021-09-23,3148.07,3.76
2021-09-24,3148.5,3.76
2021-09-27,3143.1,3.76
2021-09-28,3153.24,3.75
2021-09-29,3148.07,3.76
2021-09-30,3168.17,3.73
2021-10-01,3123.6,3.79
2021-10-05,3110.48,3.8
2021-10-06,3065.11,3.86
2021-10-07,3096.69,3.82
2021-10-08,3075.57,3.85
2021-10-12,3071.78,3.85
2021-10-13,3096.4,3.82
2021-10-14,3104.94,3.81
2021-10-15,3139.73,3.77
2021-10-18,3168.48,3.73
2021-10-19,3187.76,3.71
2021-10-20,3191.46,3.71
2021-10-21,3194.92,3.7
2021-10-22,3177.49,3.72
2021-10-25,3195.67,3.7
2021-10-26,3201.67,3.7
2021-10-27,3190.88,3.7
2021-10-28,3138.53,3.76
2021-10-29,3102.45,3.81
2021-11-01,3110.88,3.8
2021-11-02,3134.73,3.77
2021-11-03,3114.09,3.79
2021-11-04,3119.37,3.79
2021-11-05,3088.02,3.82
2021-11-08,3113.67,3.79
2021-11-09,3104.0,3.8
2021-11-10,3059.22,3.86
2021-11-11,3037.6,3.89
2021-11-12,3083.04,3.83
2021-11-15,3105.81,3.8
2021-11-16,3117.82,3.79
2021-11-17,3074.7,3.84
2021-11-18,3067.94,3.85
2021-11-19,3067.48,3.85
2021-11-22,3056.0,3.86
2021-11-23,3074.45,3.84
2021-11-24,3115.46,3.79
2021-11-25,3093.47,3.82
2021-11-26,3046.71,3.88
2021-11-29,2986.59,3.95
2021-11-30,2910.48,4.09
2021-12-01,2952.68,4.04
2021-12-02,2995.05,3.98
2021-12-03,3055.54,3.9
2021-12-06,3073.0,3.88
2021-12-07,3079.78,3.87
2021-12-08,3068.12,3.88
2021-12-09,3094.9,3.85
2021-12-10,3094.76,3.86
2021-12-13,3096.59,3.86
2021-12-14,3087.02,3.87
2021-12-15,3088.51,3.87
2021-12-16,3101.02,3.85
2021-12-17,3150.39,3.79
2021-12-20,3117.25,3.83
2021-12-21,3125.07,3.82
2021-12-22,3130.65,3.82
2021-12-23,3119.91,3.83
2021-12-24,3134.08,3.81
2021-12-27,3134.47,3.81
2021-12-28,3165.57,3.77
2021-12-29,3045.65,3.92
2021-12-30,3031.12,3.94
2022-01-03,3031.01,3.94
2022-01-04,3059.41,3.9
2022-01-05,3065.97,3.9
2022-01-06,3030.4,3.94
2022-01-07,3068.64,3.89
2022-01-10,3103.43,3.85
2022-01-11,3093.64,3.86
2022-01-12,3132.72,3.81
2022-01-13,3158.45,3.78
2022-01-14,3122.86,3.83
2022-01-17,3087.5,3.87
2022-01-18,3067.8,3.89
2022-01-19,3075.99,3.88
2022-01-20,3064.28,3.9
2022-01-21,3062.55,3.9
2022-01-24,3001.29,3.98
2022-01-25,2934.99,4.07
2022-01-26,2962.68,4.03
2022-01-27,2903.57,4.11
2022-01-28,2927.27,4.08
2022-02-03,3000.72,3.98
2022-02-04,3040.11,3.93
2022-02-07,3030.97,3.94
2022-02-08,3021.96,3.95
2022-02-09,3076.66,3.88
2022-02-10,3052.78,3.91
2022-02-11,3031.23,3.94
2022-02-14,3001.69,3.98
2022-02-15,2949.7,4.05
2022-02-16,2988.04,4.0
2022-02-17,2993.7,3.99
2022-02-18,2994.63,3.99
2022-02-21,2990.43,3.99
2022-02-22,2965.11,4.03
2022-02-23,2984.22,4.0
2022-02-24,2941.78,4.06
2022-02-25,2947.77,4.05
2022-02-28,2956.05,4.04
2022-03-02,2932.0,4.07
2022-03-03,2967.24,4.02
2022-03-04,2954.04,4.04
2022-03-07,2889.42,4.13
2022-03-08,2852.1,4.19
2022-03-10,2901.64,4.12
2022-03-11,2933.69,4.07
2022-03-14,2945.03,4.06
2022-03-15,2943.0,4.06
2022-03-16,2961.53,4.03
2022-03-17,2976.37,4.01
2022-03-18,2995.09,3.99
2022-03-21,2990.3,4.0
2022-03-22,3024.02,3.95
2022-03-23,3057.32,3.91
2022-03-24,3074.35,3.89
2022-03-25,3070.3,3.88
2022-03-28,3099.66,3.84
2022-03-29,3099.41,3.84
2022-03-30,3085.65,3.86
2022-03-31,3118.14,3.82
2022-04-01,3114.67,3.82
2022-04-04,3133.41,3.8
2022-04-05,3108.72,3.83
2022-04-06,3125.54,3.82
2022-04-07,3127.31,3.81
2022-04-08,3112.3,3.83
2022-04-11,3131.67,3.81
2022-04-12,3116.55,3.83
2022-04-13,3129.76,3.81
2022-04-14,3135.1,3.8
2022-04-15,3105.59,3.84
2022-04-18,3123.93,3.82
2022-04-19,3159.57,3.77
2022-04-20,3145.89,3.79
2022-04-21,3156.41,3.78
2022-04-22,3161.36,3.77
2022-04-25,3135.62,3.8
2022-04-26,3139.23,3.8
2022-04-27,3080.38,3.87
2022-04-28,3108.04,3.84
2022-04-29,3109.37,3.84
2022-05-02,3135.46,4.54
2022-05-03,3123.71,4.55
2022-05-04,3129.16,4.54
2022-05-06,3106.17,4.58
2022-05-09,3063.44,4.64
2022-05-10,3020.91,4.71
2022-05-11,2970.75,4.79
2022-05-12,2958.21,4.81
2022-05-13,2993.87,4.75
2022-05-16,3000.2,4.74
2022-05-17,3014.11,4.72
2022-05-18,3020.16,4.71
2022-05-19,2971.6,4.79
2022-05-20,3003.18,4.74
2022-05-23,3001.02,4.74
2022-05-24,2981.56,4.77
2022-05-25,3014.16,4.72
2022-05-26,3008.6,4.73
2022-05-27,3044.6,4.67
2022-05-30,3052.64,4.66
2022-05-31,3056.67,4.65
2022-06-02,3033.83,4.69
2022-06-03,3037.17,4.68
2022-06-07,2997.58,4.75
2022-06-08,2995.57,4.75
2022-06-09,2973.42,4.79
2022-06-10,2961.42,6.01
2022-06-13,2870.33,6.2
2022-06-14,2860.09,6.23
2022-06-15,2809.53,6.34
2022-06-16,2804.46,6.35
2022-06-17,2780.03,6.41
2022-06-20,2720.24,6.55
2022-06-21,2735.11,6.51
2022-06-22,2655.63,6.71
2022-06-23,2604.89,6.84
2022-06-24,2669.02,6.67
2022-06-27,2689.45,6.62
2022-06-28,2710.43,6.57
2022-06-29,2675.53,6.66
2022-06-30,2648.04,6.72
2022-07-01,2658.53,6.7
2022-07-04,2635.87,6.76
2022-07-05,2664.89,6.68
2022-07-06,2589.45,6.88
2022-07-07,2600.32,6.85
2022-07-08,2620.66,6.8
2022-07-11,2598.09,6.85
2022-07-12,2563.34,6.95
2022-07-13,2571.53,6.93
2022-07-14,2551.8,6.98
2022-07-15,2520.26,7.07
2022-07-18,2591.09,6.87
2022-07-19,2593.69,6.87
2022-07-20,2621.39,6.79
2022-07-21,2640.75,6.74
2022-07-22,2632.09,6.77
2022-07-25,2641.49,6.74
2022-07-26,2643.47,6.74
2022-07-27,2651.47,6.72
2022-07-28,2659.61,6.7
2022-07-29,2691.36,6.62
2022-08-01,2681.74,6.64
2022-08-02,2659.59,6.7
2022-08-03,2674.18,6.66
2022-08-04,2667.64,6.68
2022-08-05,2695.51,6.61
2022-08-08,2708.86,6.57
2022-08-09,2712.35,6.57
2022-08-10,2700.65,6.59
2022-08-11,2744.58,6.49
2022-08-12,2758.72,6.46
2022-08-16,2755.91,6.46
2022-08-17,2753.42,6.47
2022-08-18,2741.12,6.5
2022-08-19,2752.17,6.47
2022-08-22,2716.71,6.56
2022-08-23,2700.05,6.6
2022-08-24,2711.79,6.57
2022-08-25,2734.66,6.51
2022-08-26,2727.63,6.53
2022-08-29,2683.72,6.64
2022-08-30,2710.07,6.57
2022-08-31,2713.05,6.57
2022-09-01,2665.25,6.68
2022-09-02,2664.76,6.68
2022-09-05,2675.14,6.66
2022-09-06,2682.03,6.65
2022-09-07,2641.44,6.75
2022-09-08,2649.71,6.73
2022-09-13,2707.59,6.58
2022-09-14,2674.3,6.66
2022-09-15,2675.61,6.66
2022-09-16,2652.28,6.72
2022-09-19,2640.49,6.75
2022-09-20,2672.39,6.67
2022-09-21,2657.51,6.71
2022-09-22,2665.94,6.69
2022-09-23,2630.53,6.78
2022-09-26,2548.74,6.99
2022-09-27,2533.96,7.03
2022-09-28,2485.05,7.17
2022-09-29,2485.86,7.17
2022-09-30,2450.2,7.27
2022-10-04,2497.49,7.14
2022-10-05,2488.59,7.16
2022-10-06,2503.63,7.12
2022-10-07,2522.14,7.07
2022-10-11,2464.24,7.24
2022-10-12,2482.6,7.18
2022-10-13,2455.93,7.26
2022-10-14,2505.94,7.12
2022-10-17,2513.35,7.1
2022-10-18,2551.21,6.99
2022-10-19,2540.93,7.02
2022-10-20,2510.38,7.1
2022-10-21,2473.4,7.21
2022-10-24,2471.74,7.22
2022-10-25,2450.45,7.28
2022-10-26,2438.12,7.32
2022-10-27,2489.19,7.17
2022-10-28,2500.19,7.13
2022-10-31,2489.38,7.16
2022-11-01,2507.91,7.11
2022-11-02,2513.13,7.1
2022-11-03,2495.32,7.15
2022-11-04,2512.63,7.1
2022-11-07,2545.07,7.01
2022-11-08,2553.22,6.99
2022-11-09,2577.31,6.92
2022-11-10,2565.27,6.95
2022-11-11,2597.49,6.87
2022-11-14,2625.35,6.79
2022-11-15,2625.11,6.79
2022-11-16,2628.39,6.79
2022-11-17,2601.07,6.86
2022-11-18,2601.97,6.85
2022-11-21,2593.62,6.88
2022-11-22,2618.35,6.81
2022-11-23,2637.37,6.76
2022-11-24,2662.26,6.7
2022-11-25,2672.46,6.67
2022-11-28,2642.05,6.75
2022-11-29,2683.81,6.65
2022-11-30,2724.96,6.55
2022-12-01,2765.14,6.45
2022-12-02,2733.57,6.53
2022-12-05,2715.8,6.57
2022-12-06,2690.6,6.63
2022-12-07,2681.57,6.65
2022-12-08,2675.59,6.67
2022-12-09,2711.26,6.54
2022-12-12,2705.26,6.55
2022-12-13,2710.57,6.54
2022-12-14,2721.15,6.51
2022-12-15,2694.86,6.58
2022-12-16,2689.35,6.59
2022-12-19,2687.6,6.6
2022-12-20,2682.66,6.61
2022-12-21,2698.98,6.57
2022-12-22,2722.13,6.51
2022-12-23,2709.7,6.54
2022-12-26,2714.65,6.53
2022-12-27,2730.93,6.49
2022-12-28,2569.73,6.88
2022-12-29,2507.45,7.05
2023-01-02,2430.87,7.28
2023-01-03,2435.77,7.26
2023-01-04,2484.75,7.12
2023-01-05,2548.31,6.94
2023-01-06,2570.93,6.88
2023-01-09,2607.78,6.78
2023-01-10,2619.91,6.75
2023-01-11,2611.0,6.77
2023-01-12,2611.62,6.77
2023-01-13,2647.11,6.68
2023-01-16,2680.31,6.6
2023-01-17,2676.27,6.61
2023-01-18,2662.6,6.64
2023-01-19,2682.37,6.59
2023-01-20,2696.53,6.56
2023-01-25,2697.89,6.56
2023-01-26,2715.06,6.51
2023-01-27,2728.13,6.48
2023-01-30,2686.3,6.66
2023-01-31,2673.78,6.69
2023-02-01,2683.29,6.67
2023-02-02,2664.2,6.71
2023-02-03,2670.37,6.7
2023-02-06,2661.89,6.72
2023-02-07,2663.41,6.72
2023-02-08,2697.81,6.63
2023-02-09,2667.73,6.71
2023-02-10,2672.34,6.69
2023-02-13,2679.35,6.68
2023-02-14,2666.78,6.71
2023-02-15,2627.75,6.81
2023-02-16,2642.5,6.77
2023-02-17,2649.64,6.75
2023-02-20,2666.11,6.71
2023-02-21,2686.98,6.66
2023-02-22,2660.42,6.72
2023-02-23,2680.44,6.67
2023-02-24,2674.23,6.69
2023-02-27,2676.2,6.69
2023-02-28,2680.35,6.67
2023-03-02,2685.91,6.66
2023-03-03,2662.47,6.72
2023-03-06,2659.8,6.73
2023-03-07,2654.75,6.74
2023-03-08,2633.12,6.79
2023-03-09,2643.26,6.77
2023-03-10,2609.07,6.86
2023-03-13,2612.18,6.85
2023-03-14,2537.56,7.05
2023-03-15,2558.99,6.99
2023-03-16,2532.69,7.06
2023-03-17,2539.2,7.05
2023-03-20,2529.79,7.07
2023-03-21,2550.42,7.01
2023-03-22,2556.25,7.0
2023-03-23,2558.35,6.99
2023-03-24,2530.71,7.07
2023-03-27,2519.49,7.1
2023-03-28,2539.96,7.04
2023-03-29,2566.67,6.97
2023-03-30,2564.82,6.98
2023-03-31,2591.13,6.9
2023-04-03,2587.25,6.97
2023-04-04,2589.82,6.96
2023-04-05,2589.53,6.96
2023-04-06,2557.86,7.05
2023-04-07,2582.39,6.98
2023-04-10,2593.35,6.95
2023-04-11,2648.1,6.81
2023-04-12,2657.9,6.78
2023-04-13,2670.71,6.75
2023-04-14,2702.04,6.67
2023-04-17,2715.32,6.64
2023-04-18,2721.63,6.62
2023-04-19,2762.41,6.53
2023-04-20,2762.76,6.53
2023-04-21,2741.18,6.58
2023-04-24,2702.14,6.67
2023-04-25,2667.43,6.76
2023-04-26,2652.4,6.8
2023-04-27,2634.88,6.84
2023-04-28,2657.79,6.78
2023-05-02,2712.34,5.52
2023-05-03,2692.56,5.56
2023-05-04,2689.49,5.57
2023-05-08,2714.29,5.52
2023-05-09,2724.52,5.5
2023-05-10,2740.12,5.47
2023-05-11,2750.12,5.45
2023-05-12,2720.81,5.51
2023-05-15,2728.55,5.49
2023-05-16,2704.02,5.54
2023-05-17,2705.06,5.54
2023-05-18,2717.63,5.51
2023-05-19,2710.9,5.52
2023-05-22,2731.04,5.48
2023-05-23,2736.47,5.47
2023-05-24,2741.02,5.46
2023-05-25,2737.1,5.47
2023-05-26,2694.85,5.56
2023-05-30,2699.21,5.55
2023-05-31,2684.67,5.58
2023-06-01,2671.69,5.61
2023-06-02,2696.13,5.56
2023-06-05,2727.94,5.49
2023-06-07,2725.38,5.5
2023-06-08,2731.02,5.49
2023-06-09,2735.26,6.12
2023-06-12,2718.17,6.15
2023-06-13,2717.07,6.16
2023-06-14,2708.69,6.18
2023-06-15,2688.94,6.22
2023-06-16,2702.57,6.19
2023-06-19,2719.3,6.15
2023-06-20,2719.21,6.15
2023-06-21,2704.27,6.19
2023-06-22,2715.79,6.16
2023-06-23,2674.71,6.25
2023-06-26,2682.53,6.24
2023-06-27,2688.84,6.22
2023-06-28,2690.53,6.22
2023-06-29,2640.44,6.34
2023-06-30,2671.97,6.26
2023-07-03,2694.35,6.21
2023-07-04,2670.4,6.26
2023-07-05,2649.42,6.31
2023-07-06,2592.95,6.45
2023-07-07,2570.1,6.51
2023-07-10,2590.14,6.46
2023-07-11,2613.42,6.4
2023-07-12,2615.22,6.4
2023-07-13,2611.02,6.41
2023-07-14,2642.45,6.33
2023-07-17,2635.23,6.35
2023-07-18,2613.8,6.4
2023-07-19,2608.2,6.41
2023-07-20,2604.26,6.42
2023-07-21,2614.79,6.4
2023-07-24,2601.77,6.43
2023-07-25,2593.04,6.45
2023-07-26,2554.77,6.55
2023-07-27,2602.84,6.43
2023-07-28,2598.87,6.44
2023-07-31,2615.49,6.4
2023-08-01,2643.85,6.33
2023-08-02,2622.0,6.38
2023-08-03,2608.75,6.41
2023-08-04,2636.95,6.33
2023-08-07,2641.52,6.32
2023-08-08,2643.99,6.31
2023-08-09,2640.39,6.32
2023-08-10,2639.66,6.33
2023-08-11,2657.17,6.28
2023-08-14,2654.0,6.29
2023-08-16,2623.6,6.36
2023-08-17,2624.54,6.36
2023-08-18,2629.27,6.35
2023-08-21,2622.71,6.37
2023-08-22,2615.19,6.38
2023-08-23,2625.54,6.36
2023-08-24,2627.26,6.35
2023-08-25,2632.4,6.35
2023-08-28,2656.83,6.29
2023-08-29,2670.16,6.26
2023-08-30,2662.71,6.27
2023-08-31,2673.48,6.25
2023-09-01,2665.45,6.27
2023-09-04,2685.06,6.22
2023-09-05,2674.57,6.25
2023-09-06,2674.18,6.25
2023-09-07,2665.62,6.27
2023-09-08,2689.39,6.22
2023-09-11,2705.77,6.18
2023-09-12,2692.06,6.21
2023-09-13,2703.04,6.18
2023-09-14,2723.91,6.14
2023-09-15,2761.81,6.05
2023-09-18,2761.66,6.05
2023-09-19,2773.38,6.03
2023-09-20,2778.79,6.02
2023-09-21,2752.57,6.07
2023-09-22,2748.73,6.08
2023-09-25,2735.48,6.11
2023-09-26,2692.44,6.21
2023-09-27,2696.61,6.2
2023-10-04,2654.53,6.3
2023-10-05,2651.52,6.31
2023-10-06,2689.19,6.22
2023-10-10,2696.08,6.2
2023-10-11,2701.25,6.19
2023-10-12,2717.83,6.15
2023-10-13,2712.55,6.16
2023-10-16,2714.75,6.16
2023-10-17,2718.54,6.15
2023-10-18,2742.63,6.1
2023-10-19,2700.75,6.19
2023-10-20,2674.57,6.25
2023-10-23,2639.57,6.33
2023-10-24,2649.61,6.31
2023-10-25,2666.83,6.27
2023-10-26,2628.09,6.36
2023-10-27,2623.97,6.37
2023-10-30,2623.72,6.37
2023-10-31,2612.39,6.4
2023-11-01,2632.67,6.35
2023-11-02,2626.52,6.37
2023-11-03,2657.22,6.29
2023-11-06,2727.65,6.13
2023-11-07,2694.14,6.21
2023-11-08,2676.79,6.25
2023-11-09,2694.15,6.21
2023-11-10,2689.19,6.22
2023-11-13,2696.63,6.21
2023-11-14,2717.96,6.16
2023-11-15,2741.83,6.1
2023-11-16,2746.81,6.09
2023-11-17,2741.15,6.11
2023-11-20,2749.4,6.09
2023-11-21,2761.43,6.06
2023-11-22,2764.66,6.05
2023-11-23,2767.18,6.05
2023-11-24,2769.81,6.04
2023-11-27,2775.41,6.03
2023-11-28,2778.46,6.02
2023-11-29,2755.37,6.07
2023-11-30,2760.58,6.06
2023-12-01,2747.2,6.09
2023-12-04,2760.66,6.06
2023-12-05,2779.06,6.02
2023-12-06,2787.28,6.01
2023-12-07,2783.9,6.01
2023-12-08,2788.13,6.0
2023-12-11,2794.47,5.99
2023-12-12,2792.92,5.99
2023-12-13,2785.28,6.01
2023-12-14,2782.8,6.01
2023-12-15,2783.08,6.01
2023-12-18,2775.72,6.02
2023-12-19,2772.19,6.03
2023-12-20,2799.38,5.97
2023-12-21,2791.75,5.99
2023-12-22,2798.75,5.98
2023-12-26,2811.61,5.95
2023-12-27,2734.5,6.12
2023-12-28,2755.54,6.07
2024-01-02,2727.33,6.13
2024-01-03,2713.81,6.16
2024-01-04,2685.91,6.23
2024-01-05,2673.8,6.25
2024-01-08,2672.87,6.26
2024-01-09,2683.89,6.23
2024-01-10,2672.0,6.26
2024-01-11,2683.93,6.23
2024-01-12,2664.53,6.28
2024-01-15,2669.48,6.27
2024-01-16,2653.29,6.3
2024-01-17,2618.57,6.39
2024-01-18,2605.15,6.42
2024-01-19,2607.79,6.41
2024-01-22,2606.91,6.42
2024-01-23,2629.45,6.36
2024-01-24,2639.77,6.34
2024-01-25,2658.07,6.29
2024-01-26,2677.78,6.25
2024-01-29,2730.95,6.12
2024-01-30,2742.77,6.1
2024-01-31,2782.13,6.01
2024-02-01,2894.18,5.78
2024-02-02,2930.43,5.71
2024-02-05,2915.41,5.74
2024-02-06,2878.8,5.81
2024-02-07,2918.65,5.73
2024-02-08,2941.38,5.69
2024-02-13,2948.09,5.67
2024-02-14,2904.44,5.76
2024-02-15,2892.37,5.78
2024-02-16,2953.93,5.66
2024-02-19,3009.34,5.56
2024-02-20,2966.14,5.64
2024-02-21,2957.49,5.65
2024-02-22,2954.33,5.66
2024-02-23,2981.75,5.61
2024-02-26,2920.12,5.73
2024-02-27,2902.81,5.76
2024-02-28,2916.18,5.74
2024-02-29,2939.33,5.69
2024-03-04,2974.48,5.63
2024-03-05,2969.08,5.64
2024-03-06,2962.72,5.65
2024-03-07,2974.03,5.63
2024-03-08,2976.53,5.62
2024-03-11,2951.59,5.67
2024-03-12,2951.75,5.67
2024-03-13,2987.87,5.6
2024-03-14,3045.68,5.5
2024-03-15,3010.14,5.56
2024-03-18,2984.23,5.61
2024-03-19,2950.17,5.68
2024-03-20,2964.95,5.65
2024-03-21,3021.58,5.49
2024-03-22,3016.17,5.5
2024-03-25,2992.38,5.54
2024-03-26,2977.63,5.57
2024-03-27,2934.18,5.65
2024-03-28,2903.49,5.71
2024-03-29,2875.04,5.77
2024-04-01,2856.01,5.81
2024-04-02,2849.51,5.82
2024-04-03,2826.5,5.87
2024-04-04,2843.2,5.83
2024-04-05,2828.64,5.87
2024-04-08,2835.12,5.86
2024-04-09,2825.29,5.88
2024-04-11,2789.92,5.95
2024-04-12,2738.93,6.06
2024-04-15,2745.15,5.98
2024-04-16,2722.17,6.03
2024-04-17,2704.98,6.07
2024-04-18,2735.25,6.0
2024-04-19,2718.43,6.04
2024-04-22,2811.78,5.84
2024-04-23,2827.41,5.81
2024-04-24,2822.03,5.82
2024-04-25,2831.27,5.8
2024-04-26,2876.7,5.71
2024-04-29,2913.85,5.64
2024-04-30,2906.37,5.65
2024-05-02,2879.01,5.25
2024-05-03,2884.7,5.24
2024-05-07,2896.22,5.22
2024-05-08,2925.25,5.17
2024-05-09,2906.43,5.2
2024-05-10,2936.97,5.15
2024-05-13,2949.61,5.12
2024-05-14,2948.85,5.13
2024-05-16,2984.8,5.06
2024-05-17,2970.01,5.09
2024-05-20,2995.91,5.05
2024-05-21,2987.23,5.06
2024-05-22,2965.41,5.1
2024-05-23,2940.98,5.14
2024-05-24,2919.08,5.18
2024-05-27,2931.89,5.16
2024-05-28,2924.41,5.17
2024-05-29,2915.93,5.18
2024-05-30,2895.54,5.22
2024-05-31,2931.72,5.16
2024-06-03,2951.12,5.12
2024-06-04,2898.1,5.22
2024-06-05,2902.54,5.21
2024-06-07,2915.62,5.19
2024-06-10,2904.21,5.21
2024-06-11,2897.55,5.22
2024-06-12,2902.9,5.21
2024-06-13,2906.03,5.2
2024-06-14,2897.0,5.51
2024-06-17,2897.61,5.51
2024-06-18,2916.87,5.48
2024-06-19,2915.66,5.48
2024-06-20,2953.9,5.41
2024-06-21,2961.84,5.39
2024-06-24,2943.38,5.43
2024-06-25,2959.66,5.4
2024-06-26,2952.5,5.41
2024-06-27,2931.9,5.45
2024-06-28,2972.02,5.38
2024-07-01,2948.37,5.42
2024-07-02,2947.75,5.42
2024-07-03,2960.72,5.4
2024-07-04,2995.65,5.33
2024-07-05,2996.56,5.33
2024-07-08,2972.47,5.37
2024-07-09,2955.3,5.41
2024-07-10,2951.66,5.41
2024-07-11,2982.27,5.36
2024-07-12,2985.33,5.35
2024-07-15,2978.18,5.36
2024-07-16,2995.52,5.33
2024-07-17,2997.77,5.33
2024-07-18,3015.94,5.3
2024-07-19,3000.22,5.32
2024-07-22,2991.87,5.34
2024-07-23,2987.29,5.35
2024-07-24,2972.03,5.38
2024-07-25,2942.86,5.43
2024-07-26,2995.41,5.33
2024-07-29,3019.64,5.29
2024-07-30,3005.51,5.32
2024-07-31,3027.21,5.28
2024-08-01,3044.64,5.25
2024-08-02,2969.86,5.38
2024-08-05,2775.19,5.76
2024-08-06,2827.98,5.65
2024-08-07,2878.0,5.55
2024-08-08,2907.44,5.49
2024-08-09,2920.21,5.47
2024-08-12,2934.38,5.44
2024-08-13,2951.34,5.41
2024-08-14,2957.5,5.4
2024-08-16,2962.14,5.39
2024-08-19,3000.78,5.32
2024-08-20,3044.57,5.25
2024-08-21,3065.07,5.21
2024-08-22,3060.17,5.22
2024-08-23,3081.21,5.18
2024-08-26,3097.48,5.16
2024-08-27,3090.26,5.17
2024-08-28,3054.13,5.23
2024-08-29,3045.04,5.25
2024-08-30,3032.75,5.27
2024-09-02,3042.53,5.25
2024-09-03,3069.8,5.21
2024-09-04,3022.83,5.29
2024-09-05,3030.95,5.27
2024-09-06,3013.3,5.31
2024-09-09,2992.77,5.34
2024-09-10,2999.72,5.33
2024-09-11,2946.32,5.43
2024-09-12,2981.07,5.36
2024-09-13,3035.84,5.27
2024-09-19,3045.43,5.25
2024-09-20,3024.27,5.29
2024-09-23,3022.53,5.29
2024-09-24,3037.12,5.26
2024-09-25,2970.23,5.38
2024-09-26,3029.56,5.28
2024-09-27,3024.97,5.29
2024-09-30,2995.59,5.34
2024-10-02,2959.76,5.4
2024-10-04,2976.49,5.37
2024-10-07,3015.8,5.3
2024-10-08,2994.4,5.34
2024-10-10,3004.28,5.32
2024-10-11,3007.56,5.32
2024-10-14,3037.93,5.26
2024-10-15,3037.46,5.26
2024-10-16,3047.21,5.25
2024-10-17,3041.85,5.26
2024-10-18,3046.38,5.25
2024-10-21,3045.67,5.25
2024-10-22,3052.78,5.24
2024-10-23,3047.11,5.25
2024-10-24,3045.12,5.25
2024-10-25,3071.69,5.21
2024-10-28,3062.53,5.22
2024-10-29,3063.82,5.22
2024-10-30,3052.34,5.24
2024-10-31,3041.59,5.26
2024-11-01,3043.13,5.26
2024-11-04,3044.58,5.26
2024-11-05,3048.85,5.25
2024-11-06,3074.09,5.2
2024-11-07,3076.18,5.2
2024-11-08,3068.38,5.21
2024-11-11,3070.83,5.21
2024-11-12,3032.21,5.28
2024-11-13,2990.44,5.35
2024-11-14,2990.04,5.35
2024-11-15,2986.83,5.36
2024-11-18,3021.35,5.3
2024-11-19,3020.73,5.3
2024-11-20,3052.43,5.24
2024-11-21,3059.34,5.23
2024-11-22,3074.56,5.2
2024-11-25,3076.29,5.2
2024-11-26,3081.29,5.19
2024-11-27,3117.28,5.13
2024-11-28,3138.09,5.1
2024-11-29,3111.38,5.14
2024-12-02,3113.77,5.14
2024-12-03,3188.15,5.02
2024-12-04,3105.72,5.16
2024-12-05,3036.55,5.27
2024-12-06,3025.45,5.29
2024-12-09,2931.2,5.46
2024-12-10,2976.48,5.38
2024-12-11,3019.29,5.3
2024-12-12,3040.38,5.27
2024-12-13,3067.25,5.21
2024-12-16,3048.99,5.24
2024-12-17,3041.59,5.25
2024-12-18,3069.83,5.21
2024-12-19,3046.77,5.25
2024-12-20,3013.31,5.3
2024-12-23,3063.5,5.22
2024-12-24,3067.38,5.21
2024-12-26,3048.07,5.24
2024-12-27,2972.19,5.38
2024-12-30,2941.85,5.43
2025-01-02,2936.84,5.44
2025-01-03,2947.88,5.42
2025-01-06,2947.05,5.42
2025-01-07,2959.94,5.4
2025-01-08,2957.28,5.4
2025-01-09,2952.16,5.38
2025-01-10,2969.09,5.35
2025-01-13,2973.54,5.34
2025-01-14,2971.17,5.31
2025-01-15,2978.02,5.3
2025-01-16,2989.88,5.28
2025-01-17,2985.74,5.29
2025-01-20,2994.7,5.27
2025-01-21,3003.68,5.26
2025-01-22,3009.79,5.25
2025-01-23,2997.89,5.27
2025-01-24,3007.33,5.25
2025-01-31,3047.83,5.18
2025-02-03,3002.57,5.26
2025-02-04,3013.47,5.24
2025-02-05,3022.2,5.23
2025-02-06,3028.1,5.21
2025-02-07,3011.3,5.24
2025-02-10,3005.5,5.25
2025-02-11,3007.74,5.25
2025-02-12,3004.39,5.26
2025-02-13,3013.66,5.24
2025-02-14,3042.97,5.19
2025-02-17,3075.3,5.14
2025-02-18,3078.28,5.13
2025-02-19,3090.25,5.11
2025-02-20,3101.85,5.09
2025-02-21,3089.98,5.11
2025-02-24,3098.82,5.1
2025-02-25,3078.51,5.13
2025-02-26,3094.32,5.1
2025-02-27,3064.6,5.15
2025-02-28,2997.27,5.28
2025-03-04,2976.92,5.31
2025-03-05,2990.79,5.29
2025-03-06,3022.84,5.23
2025-03-07,2988.88,5.29
2025-03-10,3000.38,5.27
2025-03-11,2968.24,5.33
2025-03-12,2994.35,5.28
2025-03-13,3001.25,5.28
2025-03-14,2992.82,5.29
2025-03-17,3027.34,5.23
2025-03-18,3026.07,5.23
2025-03-19,3047.51,5.19
2025-03-20,3050.05,5.19
2025-03-21,3042.0,5.2
2025-03-24,3040.15,5.2
2025-03-25,3030.95,5.22
2025-03-26,3015.37,5.25
2025-03-27,2995.24,5.28
2025-03-28,2962.65,5.34
2025-03-31,2923.85,5.41
2025-04-01,2939.07,5.38
2025-04-02,2934.28,5.39
2025-04-03,2904.48,5.45
2025-04-04,2905.23,5.44
2025-04-07,2787.64,5.67
2025-04-08,2775.2,5.7
2025-04-09,2736.39,5.78
2025-04-10,2843.38,5.56
2025-04-11,2842.87,5.56
2025-04-14,2859.84,5.53
2025-04-15,2901.38,5.46
2025-04-16,2928.42,5.41
2025-04-17,2932.3,5.4
2025-04-18,2963.34,5.34
2025-04-21,3000.17,5.28
2025-04-22,3013.51,5.25
2025-04-23,3033.08,5.22
2025-04-24,3034.84,5.22
2025-04-25,3057.57,5.18
2025-04-28,3059.39,5.18
2025-04-29,3101.12,5.11
2025-04-30,3131.12,5.06
2025-05-02,3137.19,5.15
2025-05-07,3137.65,5.15
2025-05-08,3136.33,5.15
2025-05-09,3132.35,5.16
2025-05-12,3166.92,5.1
2025-05-13,3171.44,5.09
2025-05-14,3185.91,5.07
2025-05-15,3159.4,5.11
2025-05-16,3161.46,5.11
2025-05-19,3140.58,5.15
2025-05-20,3160.87,5.11
2025-05-21,3176.92,5.09
2025-05-22,3145.29,5.14
2025-05-23,3176.36,5.09
2025-05-26,3236.67,4.99
2025-05-27,3227.11,5.01
2025-05-28,3248.18,4.98
2025-05-29,3338.1,4.84
2025-05-30,3336.9,4.84
2025-06-02,3288.44,4.91
2025-06-04,3416.94,4.73
2025-06-05,3419.96,4.73
2025-06-09,3479.75,4.65
2025-06-10,3484.43,4.64
2025-06-11,3496.43,4.63
2025-06-12,3530.18,4.58
2025-06-13,3495.94,4.9
2025-06-16,3564.59,4.81
2025-06-17,3570.86,4.8
2025-06-18,3563.42,4.81
2025-06-19,3586.92,4.78
2025-06-20,3601.98,4.76
2025-06-23,3603.81,4.75
2025-06-24,3697.51,4.63
2025-06-25,3743.57,4.58
2025-06-26,3714.8,4.61
2025-06-27,3686.49,4.65
2025-06-30,3700.75,4.63
2025-07-01,3761.74,4.55
2025-07-02,3773.48,4.54
2025-07-03,3809.02,4.5
2025-07-04,3747.66,4.57
2025-07-07,3781.32,4.53
2025-07-08,3891.81,4.4
2025-07-09,3968.5,4.32
2025-07-10,4019.87,4.26
2025-07-11,4047.17,4.23
2025-07-14,4147.48,4.13
2025-07-15,4119.67,4.16
2025-07-16,4028.91,4.25
2025-07-17,4036.07,4.25
2025-07-18,3991.45,4.29
2025-07-21,3980.64,4.31
2025-07-22,3966.7,4.32
2025-07-23,3971.25,4.32
2025-07-24,3931.59,4.36
2025-07-25,3920.78,4.37
2025-07-28,3800.61,4.51
2025-07-29,3821.1,4.49
2025-07-30,3840.21,4.46
2025-07-31,3829.92,4.48
2025-08-01,3680.78,4.66
2025-08-04,3727.25,4.6
2025-08-05,3774.4,4.54
2025-08-06,3804.64,4.51
2025-08-07,3801.64,4.51
2025-08-08,3791.65,4.52
2025-08-11,3761.46,4.56
2025-08-12,3776.1,4.54
2025-08-13,3774.17,4.54
2025-08-14,3752.47,4.57
2025-08-18,3719.09,4.61
2025-08-19,3699.35,4.64
2025-08-20,3685.91,4.65
2025-08-21,3692.61,4.64
2025-08-22,3690.74,4.65
2025-08-25,3725.63,4.6
2025-08-26,3704.33,4.62
2025-08-27,3708.4,4.62
2025-08-28,3747.72,4.57
2025-08-29,3742.27,4.58
2025-09-01,3725.27,4.6
2025-09-02,3720.98,4.61
2025-09-03,3724.07,4.6
2025-09-04,3734.23,4.59
2025-09-05,3733.26,4.59
2025-09-08,3757.85,4.56
2025-09-09,3807.38,4.5
2025-09-10,3863.93,4.43
2025-09-11,3864.67,4.43
2025-09-12,3864.47,4.43
2025-09-15,3896.83,4.4
2025-09-16,3877.25,4.42
2025-09-17,3844.03,4.46
2025-09-18,3854.42,4.45
2025-09-19,3849.4,4.45
2025-09-22,3849.0,4.45
2025-09-23,3840.7,4.46
2025-09-24,3806.33,4.5
2025-09-25,3793.83,4.52
2025-09-26,3747.59,4.57
2025-09-29,3782.14,4.53
2025-09-30,3763.69,4.55
2025-10-01,3740.52,4.58
2025-10-02,3759.12,4.56
2025-10-10,3723.05,4.61
2025-10-13,3707.66,4.63
2025-10-14,3698.33,4.64
2025-10-15,3760.69,4.56
2025-10-16,3805.04,4.51
2025-10-17,3755.64,4.57
2025-10-20,3831.73,4.48
2025-10-21,3810.0,4.5
2025-10-22,3851.83,4.45
2025-10-23,3815.97,4.5
2025-10-24,3843.14,4.46
2025-10-27,3871.11,4.43
2025-10-28,3865.46,4.44
2025-10-29,3845.88,4.46
2025-10-30,3820.06,4.49
2025-10-31,3826.18,4.48
2025-11-03,3822.42,4.49
2025-11-04,3804.65,4.51
2025-11-05,3772.57,4.55
2025-11-06,3863.41,4.44
2025-11-07,3811.63,4.5
2025-11-10,3963.46,4.33
2025-11-11,3936.43,4.36
2025-11-12,4056.16,4.23
2025-11-13,4049.39,4.24
2025-11-14,3989.08,4.3
2025-11-17,3973.15,4.32
2025-11-18,3869.21,4.43
2025-11-19,3901.94,4.4
2025-11-20,3930.99,4.37
2025-11-21,3897.24,4.4
2025-11-24,3887.12,4.41
2025-11-25,3880.66,4.42
2025-11-26,3952.03,4.34
2025-11-27,3954.98,4.33
2025-11-28,3970.67,4.32
2025-12-01,3976.28,4.31
2025-12-02,4032.3,4.25
2025-12-03,4058.43,4.22
2025-12-04,4061.61,4.22
2025-12-05,4097.58,4.18
2025-12-08,4082.31,4.2
2025-12-09,4071.13,4.21
2025-12-10,4052.51,4.23
2025-12-11,4074.71,4.21
2025-12-12,4170.8,4.11
2025-12-15,4146.44,4.14
2025-12-16,4109.8,4.17
2025-12-17,4121.33,4.16
2025-12-18,4091.99,4.19
2025-12-19,4112.25,4.17
2025-12-22,4164.71,4.12
2025-12-23,4139.61,4.14
2025-12-24,4153.55,4.13
2025-12-26,4116.12,4.17
2025-12-29,4093.3,4.19
2025-12-30,4094.05,4.19
2026-01-02,4072.34,4.21
2026-01-05,4094.8,4.19
2026-01-06,4121.68,4.16
2026-01-07,4103.32,4.18
2026-01-08,4043.55,4.24
2026-01-09,4079.97,4.2
2026-01-12,4117.92,4.17
2026-01-13,4160.81,4.12
2026-01-14,4210.77,4.08
2026-01-15,4250.67,4.04
2026-01-16,4252.21,4.04
2026-01-19,4310.26,3.98
2026-01-20,4389.23,3.91
2026-01-21,4406.2,3.89
2026-01-22,4412.32,3.89
2026-01-23,4465.55,3.85
2026-01-26,4419.99,3.88
2026-01-27,4511.4,3.81
2026-01-28,4522.2,3.8
2026-01-29,4646.86,3.7
2026-01-30,4631.94,3.71
2026-02-02,4496.64,3.82
2026-02-03,4695.87,3.66
2026-02-04,4818.98,3.56
2026-02-05,4753.91,3.61
2026-02-06,4729.71,3.63
2026-02-09,4883.06,3.52
2026-02-10,4991.6,3.44
2026-02-11,5049.76,3.4
2026-02-12,5159.55,3.33
2026-02-13,5249.55,3.27
2026-02-19,5423.37,3.17
2026-02-20,5572.04,3.08
2026-02-23,5517.46,3.11
2026-02-24,5450.82,3.15
2026-02-25,5503.56,3.12
2026-02-26,5453.03,3.15
2026-02-27,5337.45,3.22
2026-03-03,5132.97,3.35
2026-03-04,4561.42,3.77
2026-03-05,4871.89,3.53
2026-03-06,4862.19,3.53
2026-03-09,4702.16,3.65
2026-03-10,4804.28,3.58
2026-03-11,4918.96,3.49
2026-03-12,4936.41,3.48
2026-03-13,4864.55,3.53
2026-03-16,4836.23,3.56
2026-03-17,4916.65,3.5
2026-03-18,5032.16,3.42
2026-03-19,4951.82,3.47
2026-03-20,5050.23,3.4
2026-03-23,4801.74,3.58
2026-03-24,4874.17,3.53
2026-03-25,4961.62,3.47
2026-03-26,4887.37,3.52
2026-03-27,4909.46,3.5
2026-03-30,4757.66,3.61
2026-03-31,4631.39,3.71
2026-04-01,4850.16,3.54
2026-04-02,4679.8,3.67
2026-04-03,4708.36,3.65
2026-04-06,4730.31,3.63
2026-04-07,4699.26,3.66
2026-04-08,4891.27,3.52
2026-04-09,4867.28,3.53
2026-04-10,4943.85,3.48
2026-04-13,4919.88,3.5
2026-04-14,5027.99,3.42
2026-04-15,5071.42,3.39
2026-04-16,5132.41,3.36
2026-04-17,5146.56,3.35
2026-04-20,5124.39,3.37
2026-04-21,5159.47,3.35
2026-04-22,5149.92,3.36
2026-04-23,5163.16,3.35
2026-04-24,5162.14,3.35
2026-04-27,5174.7,3.34
2026-04-28,5217.32,3.32
2026-04-29,5230.92,3.31
2026-04-30,5170.17,3.35
2026-05-04,5241.38,3.62
2026-05-06,5260.05,3.6
2026-05-07,5252.39,3.61
2026-05-08,5247.19,3.61
2026-05-11,5224.66,3.63
2026-05-12,5104.94,3.71
2026-05-13,5107.9,3.71
2026-05-14,5241.99,3.61
2026-05-15,5147.64,3.69
2026-05-18,5057.24,3.75
2026-05-19,4952.22,3.83
2026-05-20,4819.82,3.94
2026-05-21,5011.0,3.79
2026-05-22,5083.27,3.74
2026-05-26,5038.67,3.77
2026-05-27,4918.7,3.86
2026-05-28,4839.92,3.92
2026-05-29,4841.05,3.92
2026-06-01,4872.29,3.9
2026-06-02,4881.92,3.89
2026-06-04,4901.92,3.87
2026-06-05,4846.31,3.92
2026-06-08,4571.41,4.15
2026-06-09,4735.18,4.01
2026-06-10,4671.05,4.07
2026-06-11,4734.45,4.01
2026-06-12,4871.98,4.73
2026-06-15,4963.85,4.64
2026-06-16,5016.94,4.59
2026-06-17,4883.12,4.72
2026-06-18,4757.54,4.84
2026-06-19,4686.71,4.91
2026-06-22,4562.01,5.05
2026-06-23,4408.88,5.22
2026-06-24,4389.93,5.25
2026-06-25,4374.63,5.26
2026-06-26,4279.33,5.38
2026-06-29,4454.16,5.17
2026-06-30,4417.66,5.21
2026-07-01,4492.01,5.13
2026-07-02,4524.27,5.09
2026-07-03,4621.28,4.98
2026-07-06,4664.1,4.94
2026-07-07,4672.43,4.93
2026-07-08,4592.07,5.02
2026-07-09,4530.97,5.09
2026-07-10,4617.54,4.99
2026-07-13,4578.08,5.04
2026-07-14,4513.89,
